energy,cross_section,asymmetry_parameter
1480.0,0.0869,2
1485.0,0.08651,2
1486.6,0.08665,2
1490.0,0.08723,2
1495.0,0.08839,2
1500.0,0.08943999999999999,2
