energy,cross_section,asymmetry_parameter
1350.0,0.07374,2
1400.0,0.07006,2
1450.0,0.06665,2
1486.6,0.06421,2
1500.0,0.06337000000000001,2
