energy,cross_section,asymmetry_parameter
1400.0,0.06684,2
1450.0,0.06385,2
1486.6,0.06152000000000001,2
1500.0,0.06067,2
