energy,cross_section,asymmetry_parameter
1300.0,0.07178,2
1350.0,0.06782,2
1400.0,0.06437999999999999,2
1450.0,0.06119,2
1486.6,0.05891,2
1500.0,0.05813,2
