energy,cross_section,asymmetry_parameter
1450.0,0.06551,2
1486.6,0.06277999999999999,2
1500.0,0.06208,2
