energy,cross_section,asymmetry_parameter
950.0,0.09028,2
1000.0,0.08457,2
1041.0,0.08,2
1050.0,0.07907,2
1100.0,0.07392,2
1150.0,0.06938,2
1200.0,0.06516,2
1250.0,0.061370000000000015,2
1253.6,0.06111000000000001,2
1300.0,0.05787000000000001,2
1350.0,0.05467,2
1400.0,0.05173,2
1450.0,0.049010000000000005,2
1486.6,0.04716,2
1500.0,0.04651,2
