energy,cross_section,asymmetry_parameter
1100.0,0.07992,2
1150.0,0.07633999999999999,2
1200.0,0.07193,2
1250.0,0.06787,2
1253.6,0.06757,2
1300.0,0.0641,2
1350.0,0.06057000000000001,2
1400.0,0.05737,2
1450.0,0.05438,2
1486.6,0.05236,2
1500.0,0.05165,2
