energy,cross_section,asymmetry_parameter
1400.0,0.07235,2
1450.0,0.06856,2
1486.6,0.06609,2
1500.0,0.06527000000000001,2
