energy,cross_section,asymmetry_parameter
1050.0,0.08044,2
1100.0,0.08751,2
1150.0,0.08255,2
1200.0,0.0775,2
1250.0,0.07312,2
1253.6,0.07282000000000001,2
1300.0,0.069,2
1350.0,0.0652,2
1400.0,0.06176,2
1450.0,0.05854,2
1486.6,0.05634,2
1500.0,0.05557,2
